{"cameraMode":{"drawMode":0,"name":"Shaded","section":"Shading Mode"},"sceneLighting":false,"audioPlay":false,"sceneViewState":{"m_AlwaysRefresh":false,"showFog":true,"showSkybox":false,"showFlares":true,"showImageEffects":true,"showParticleSystems":true,"showVisualEffectGraphs":true,"m_FxEnabled":true},"in2DMode":false,"pivot":{"x":-0.10111978650093079,"y":0.6546667218208313,"z":0.2682291865348816},"rotation":{"x":-0.005908535327762365,"y":-0.987622857093811,"z":0.15260761976242066,"w":-0.03792503848671913},"size":0.5722761750221252,"orthographic":false}