{"cameraMode":{"drawMode":0,"name":"Shaded","section":"Shading Mode"},"sceneLighting":true,"audioPlay":false,"sceneViewState":{"m_AlwaysRefresh":false,"showFog":true,"showSkybox":true,"showFlares":true,"showImageEffects":true,"showParticleSystems":true,"showVisualEffectGraphs":true,"m_FxEnabled":true},"in2DMode":false,"pivot":{"x":5.480432987213135,"y":11.000753402709961,"z":-21.895233154296876},"rotation":{"x":-0.3326745629310608,"y":-0.029136817902326585,"z":0.010284419171512127,"w":-0.942526638507843},"size":1.1006883382797242,"orthographic":false}