{"cameraMode":{"drawMode":0,"name":"Shaded","section":"Shading Mode"},"sceneLighting":true,"audioPlay":false,"sceneViewState":{"m_AlwaysRefresh":false,"showFog":true,"showSkybox":true,"showFlares":true,"showImageEffects":true,"showParticleSystems":true,"showVisualEffectGraphs":true,"m_FxEnabled":true},"in2DMode":false,"pivot":{"x":-5.619161128997803,"y":16.056053161621095,"z":-16.894433975219728},"rotation":{"x":0.47772789001464846,"y":0.17533664405345918,"z":-0.09794705361127854,"w":0.8552513122558594},"size":3.381723642349243,"orthographic":false}